"Alley","Lot.Shape","Land.Contour","Utilities","Neighborhood","MS.SubClass","Lot.Area","Overall.Qual","Overall.Cond","Year.Built","Year.Remod.Add","Mas.Vnr.Area","BsmtFin.SF.1","BsmtFin.SF.2","Bsmt.Unf.SF","X1st.Flr.SF","X2nd.Flr.SF","Low.Qual.Fin.SF","Bsmt.Full.Bath","Bsmt.Half.Bath","Full.Bath","Half.Bath","Bedroom.AbvGr","Kitchen.AbvGr","TotRms.AbvGrd","SalePrice"
"UNKNOWN","Reg","Lvl","AllPub","Mitchel",20,6600,5,6,1982,2005,0,638,0,207,845,0,0,0,0,1,0,3,1,6,1345
"UNKNOWN","IR1","Lvl","AllPub","BrkSide",30,5350,3,2,1940,1966,0,0,0,728,1306,0,0,0,0,1,0,3,1,6,765
"UNKNOWN","IR1","Lvl","AllPub","CollgCr",60,11250,7,5,2001,2002,162,486,0,434,920,866,0,1,0,2,1,3,1,6,2235
"UNKNOWN","Reg","Lvl","AllPub","Edwards",20,9375,4,5,1954,1954,0,799,0,168,1350,0,0,0,0,1,1,3,1,6,1460
"UNKNOWN","Reg","Lvl","AllPub","IDOTRR",70,7518,5,8,1910,2004,0,0,0,396,665,665,0,0,0,1,0,3,1,7,1165
"UNKNOWN","IR1","HLS","AllPub","StoneBr",60,15922,9,5,2005,2006,550,0,0,1390,1390,1405,0,0,0,3,1,4,1,10,4011
"UNKNOWN","IR1","Lvl","AllPub","NAmes",20,12342,5,5,1960,1978,0,0,0,978,1422,0,0,0,0,1,0,3,1,6,1399
"UNKNOWN","Reg","Lvl","AllPub","OldTown",50,9000,5,6,1946,1950,0,445,0,459,904,595,0,0,0,1,0,3,1,5,1400
"UNKNOWN","Reg","Lvl","AllPub","BrDale",160,1920,5,5,1971,1971,376,471,0,294,765,600,0,1,0,1,1,2,1,6,1225
"UNKNOWN","Reg","Lvl","AllPub","NAmes",20,7931,5,5,1959,1959,0,1148,0,0,1148,0,0,1,0,1,0,3,1,6,1325
"Grvl","Reg","Lvl","AllPub","OldTown",70,10440,5,8,1904,2002,0,0,0,650,958,581,0,0,0,2,0,3,1,8,1575
"UNKNOWN","Reg","Lvl","AllPub","OldTown",75,5520,6,6,1912,1950,0,0,0,755,929,929,371,0,0,1,0,5,1,8,1040
"UNKNOWN","Reg","Lvl","AllPub","Edwards",30,8777,3,6,1945,2007,0,0,0,0,640,0,0,0,0,1,0,2,1,5,849
"UNKNOWN","Reg","Lvl","AllPub","NWAmes",20,9600,8,5,1981,1981,0,1104,0,1420,2524,0,0,1,0,2,1,4,1,9,2780
"Grvl","Reg","Lvl","AllPub","IDOTRR",30,8765,4,6,1936,1950,0,285,0,666,951,0,0,0,0,1,0,2,1,6,1065
"UNKNOWN","Reg","Lvl","AllPub","MeadowV",180,1477,4,4,1970,1970,0,509,0,121,630,0,0,1,0,1,0,1,1,3,800
"UNKNOWN","Reg","Lvl","AllPub","NridgHt",120,4590,8,5,2006,2006,108,24,0,1530,1554,0,0,0,0,2,0,2,1,6,2095
"UNKNOWN","Reg","Lvl","AllPub","NAmes",85,8400,5,6,1968,1968,0,744,0,89,898,0,0,1,0,1,0,3,1,6,1400
"UNKNOWN","IR1","Lvl","AllPub","Gilbert",60,8740,7,5,2002,2002,0,574,0,280,864,1131,0,0,0,2,1,4,1,8,2195
"UNKNOWN","IR1","Lvl","AllPub","CollgCr",20,9317,6,5,2006,2006,0,24,0,1290,1314,0,0,0,0,2,0,3,1,6,1764
"UNKNOWN","Reg","Low","AllPub","IDOTRR",30,8534,4,4,1925,1950,0,0,0,432,672,0,0,0,0,1,0,2,1,4,720
"UNKNOWN","IR1","Lvl","AllPub","CollgCr",20,9920,5,6,1969,1969,0,523,0,448,971,0,0,0,0,1,1,3,1,5,1285
"Pave","Reg","Lvl","AllPub","Somerst",20,7500,7,5,2004,2005,0,410,0,811,1221,0,0,1,0,2,0,2,1,6,1850
"UNKNOWN","IR1","Lvl","AllPub","NWAmes",85,9927,7,5,1976,1976,252,1005,0,42,1083,0,0,1,0,1,0,2,1,5,1720
"UNKNOWN","Reg","Lvl","AllPub","NridgHt",20,12350,9,5,2008,2008,450,1232,0,788,2020,0,0,1,0,2,0,3,1,7,4040
"UNKNOWN","IR1","Bnk","AllPub","OldTown",190,10120,7,4,1910,1950,0,0,0,925,964,925,0,0,0,1,1,4,2,9,1220
"UNKNOWN","IR1","Lvl","AllPub","NWAmes",190,13110,5,6,1972,1972,144,962,0,191,1193,0,0,1,0,2,0,2,1,6,1465
"UNKNOWN","IR1","Lvl","AllPub","SawyerW",20,8529,7,5,2001,2001,0,20,0,1434,1434,0,0,0,0,2,0,3,1,6,1890
"UNKNOWN","IR1","Lvl","AllPub","NAmes",20,12400,6,7,1958,1998,176,585,0,630,1215,0,0,0,0,1,0,3,1,6,1550
"UNKNOWN","Reg","Lvl","AllPub","OldTown",70,9900,6,4,1880,1950,0,0,0,1008,1178,1032,0,0,0,2,0,5,1,8,1175
"UNKNOWN","Reg","Lvl","AllPub","CollgCr",85,8445,5,7,1972,2007,0,656,0,112,768,0,0,1,0,1,0,2,1,5,1330
"UNKNOWN","Reg","Lvl","AllPub","NWAmes",60,10800,6,7,1974,1997,0,956,182,384,1548,1066,0,0,0,2,1,4,1,9,2400
"UNKNOWN","Reg","Lvl","AllPub","NWAmes",20,10000,6,6,1974,1974,176,755,0,348,1103,0,0,0,0,2,0,3,1,6,1550
"UNKNOWN","Reg","Lvl","AllPub","NridgHt",20,16770,8,5,2002,2003,270,1196,0,516,1712,0,0,1,0,2,0,3,1,8,2865
"UNKNOWN","Reg","Lvl","AllPub","NAmes",80,10184,6,5,1963,1963,379,580,0,503,1146,0,0,0,1,1,0,3,1,6,1650
"UNKNOWN","Reg","Lvl","AllPub","Sawyer",20,7832,5,5,1968,1968,0,775,0,89,864,0,0,1,0,1,0,2,1,4,1372
"UNKNOWN","Reg","Lvl","AllPub","Mitchel",120,4500,6,5,1998,1998,320,866,0,338,1204,0,0,1,0,2,0,2,1,5,1620
"UNKNOWN","Reg","Lvl","AllPub","BrkSide",50,3500,3,5,1945,1950,0,144,0,226,442,228,0,1,0,1,0,2,1,4,640
"UNKNOWN","Reg","Lvl","AllPub","IDOTRR",20,6565,4,6,1957,1980,0,967,0,106,1073,0,0,1,0,1,0,3,1,6,1400
"UNKNOWN","Reg","Lvl","AllPub","SWISU",50,6171,6,6,1925,1990,0,264,0,712,1160,448,0,0,0,2,1,3,1,7,1374
"UNKNOWN","Reg","Lvl","AllPub","CollgCr",20,9627,7,5,2007,2007,0,24,0,1327,1361,0,0,0,0,2,0,3,1,6,1930
"UNKNOWN","IR1","Lvl","AllPub","StoneBr",20,11302,8,5,2005,2006,238,1422,0,392,1826,0,0,1,0,2,0,3,1,7,3190
"UNKNOWN","IR1","Lvl","AllPub","Gilbert",60,8577,7,5,2004,2004,0,0,0,847,847,886,0,0,0,2,1,3,1,7,1850
"UNKNOWN","Reg","Lvl","AllPub","OldTown",20,8516,4,6,1958,2006,0,0,0,869,1093,0,0,0,0,1,0,2,1,5,1155
"UNKNOWN","Reg","Lvl","AllPub","NAmes",20,10143,6,7,1963,1963,295,384,0,996,1380,0,0,0,0,1,1,3,1,6,1540
"Pave","Reg","Lvl","AllPub","OldTown",40,5400,6,7,1926,2004,0,370,0,779,1149,467,0,0,0,2,0,3,1,5,1520
"Grvl","Reg","Lvl","AllPub","OldTown",75,13500,7,8,1879,1987,0,0,0,819,1312,1142,0,0,0,2,0,3,1,8,1850
"UNKNOWN","Reg","Lvl","AllPub","SawyerW",60,9109,7,5,1994,1994,0,36,596,122,754,786,0,1,0,2,1,3,1,6,1840
"UNKNOWN","Reg","Lvl","AllPub","NAmes",20,10032,6,5,1959,1959,432,734,0,510,1580,0,0,1,0,1,1,3,1,6,1595
"UNKNOWN","Reg","Low","AllPub","Edwards",85,9825,5,5,1967,1967,162,936,0,0,936,0,0,1,0,1,0,2,1,4,1185
"UNKNOWN","IR1","Lvl","AllPub","CollgCr",20,11923,9,5,2007,2007,0,0,0,1800,1800,0,0,0,0,2,0,2,1,7,2390
"UNKNOWN","IR2","Bnk","AllPub","IDOTRR",90,8472,5,5,1963,1963,0,104,712,0,816,0,0,1,0,1,0,2,1,5,1100
"UNKNOWN","Reg","Lvl","AllPub","BrDale",160,1680,6,5,1971,1971,232,387,0,96,483,504,0,0,0,1,1,2,1,4,854
"Pave","Reg","Lvl","AllPub","Somerst",160,3230,6,5,1999,1999,894,381,0,348,742,729,0,0,0,2,1,3,1,6,1725
"UNKNOWN","Reg","Lvl","AllPub","Edwards",50,6956,4,7,1948,1950,0,0,0,624,624,312,0,0,0,1,0,3,1,5,979
"UNKNOWN","Reg","Lvl","AllPub","IDOTRR",50,13710,5,5,1950,1950,0,420,0,490,910,648,0,0,0,1,1,4,1,6,1520
"UNKNOWN","Reg","Lvl","AllPub","MeadowV",160,1533,4,5,1970,1970,0,408,0,138,546,546,0,0,0,1,1,3,1,5,875
"UNKNOWN","Reg","Lvl","AllPub","NAmes",20,6960,4,6,1970,1970,0,375,239,250,864,0,0,0,0,1,0,3,1,5,1205
"UNKNOWN","Reg","Lvl","AllPub","CollgCr",20,8072,5,5,1994,1995,0,746,0,244,990,0,0,1,0,1,0,3,1,5,1380
"UNKNOWN","Reg","Lvl","AllPub","OldTown",90,6979,6,5,1980,1980,0,1056,0,0,1056,0,0,2,0,0,0,0,2,4,1440
"UNKNOWN","Reg","Lvl","AllPub","CollgCr",85,11105,5,5,1996,1996,0,870,0,0,965,0,0,1,0,1,0,2,1,4,1590
"UNKNOWN","Reg","Lvl","AllPub","SawyerW",20,7500,7,5,2004,2005,120,680,0,400,1080,0,0,1,0,1,0,3,1,6,1410
"UNKNOWN","Reg","HLS","AllPub","NridgHt",20,12720,10,5,2003,2003,680,2257,0,278,2470,0,0,2,0,1,1,1,1,7,6150
"UNKNOWN","IR1","Lvl","AllPub","CollgCr",60,9179,7,5,1999,1999,158,633,0,240,882,908,0,1,0,2,1,3,1,7,1930
"UNKNOWN","Reg","Lvl","AllPub","SWISU",50,10480,6,5,1936,1950,0,0,0,1064,1166,0,473,0,0,1,0,3,1,6,1150
"UNKNOWN","Reg","Lvl","AllPub","SawyerW",20,9605,7,6,2007,2007,0,0,0,1218,1218,0,0,0,0,1,1,3,1,6,1590
"UNKNOWN","Reg","Lvl","AllPub","Crawfor",70,15576,6,7,1915,1976,0,0,0,840,840,840,0,0,0,2,0,4,1,8,1770
"UNKNOWN","Reg","Lvl","AllPub","Edwards",50,21780,6,7,1918,1950,0,0,0,1163,1163,511,0,0,0,2,0,4,1,8,1850
"UNKNOWN","Reg","Lvl","AllPub","NAmes",80,9020,6,5,1964,1964,259,624,336,288,1350,0,0,1,0,1,1,3,1,6,1685
"UNKNOWN","Reg","Lvl","AllPub","OldTown",50,5925,4,6,1900,1950,0,122,448,0,761,380,0,0,0,1,0,3,1,6,850
"UNKNOWN","IR1","Lvl","AllPub","NAmes",50,12513,4,4,1920,2007,0,0,0,715,1281,457,0,0,0,2,0,4,1,7,1049
"UNKNOWN","Reg","Lvl","AllPub","OldTown",50,5000,5,4,1900,1950,0,0,0,540,889,551,0,0,0,1,0,3,1,6,790
"UNKNOWN","IR1","Lvl","AllPub","NAmes",20,8243,5,7,1961,1961,56,700,0,264,964,0,0,0,0,1,0,3,1,5,1375
"UNKNOWN","Reg","HLS","AllPub","Edwards",20,16133,5,4,1969,1969,0,847,0,329,1176,0,0,1,0,1,0,2,1,5,1199
"UNKNOWN","IR1","Lvl","AllPub","NridgHt",120,8232,9,5,2007,2008,714,1204,0,596,1800,0,0,1,0,2,0,2,1,6,3709
"UNKNOWN","IR1","Bnk","AllPub","BrkSide",50,7015,5,4,1950,1950,161,185,0,524,979,224,0,1,0,1,0,3,1,5,1100
"UNKNOWN","Reg","Lvl","AllPub","NridgHt",20,12469,9,5,2006,2007,378,1151,0,639,1816,0,0,1,0,2,0,3,1,7,3560
"UNKNOWN","IR1","HLS","AllPub","NridgHt",20,14780,9,5,2005,2005,568,1505,0,363,1868,0,0,1,0,2,0,2,1,7,4150
"UNKNOWN","Reg","Lvl","AllPub","NWAmes",20,13175,6,6,1978,1988,119,790,163,589,2073,0,0,1,0,2,0,3,1,7,2100
"UNKNOWN","Reg","Lvl","AllPub","NridgHt",60,13440,8,5,2006,2007,190,0,0,1108,1148,1402,0,0,0,2,1,4,1,11,3389
"UNKNOWN","IR1","Lvl","AllPub","NWAmes",85,10464,6,6,1980,1980,130,850,0,138,1102,0,0,1,0,1,0,2,1,5,1690
"UNKNOWN","Reg","Lvl","AllPub","NWAmes",60,11584,7,6,1979,1979,96,315,110,114,1040,685,0,0,0,2,1,3,1,6,1970
"UNKNOWN","IR1","HLS","AllPub","Crawfor",120,3843,8,5,2007,2008,186,1476,0,120,1648,0,0,1,1,2,0,2,1,5,2944
"UNKNOWN","IR1","Lvl","AllPub","Gilbert",60,12460,7,5,1999,2000,0,870,0,167,1037,1285,0,0,0,2,1,4,1,8,2250
"UNKNOWN","Reg","Lvl","AllPub","NAmes",90,12436,5,5,1957,1957,0,0,0,1824,1824,0,0,0,0,2,0,5,2,9,1460
"UNKNOWN","Reg","Lvl","AllPub","NWAmes",80,14115,7,5,1980,1980,225,1036,0,336,1472,0,0,1,0,2,0,3,1,6,1875
"UNKNOWN","Reg","Lvl","AllPub","NWAmes",20,10140,7,5,1998,1999,0,144,1127,379,1680,0,0,1,0,2,0,3,1,7,2132
"UNKNOWN","IR1","HLS","AllPub","StoneBr",20,18261,9,5,2005,2005,420,1416,0,494,2000,0,0,1,0,2,1,3,1,8,4700
"UNKNOWN","IR1","Lvl","AllPub","Sawyer",20,4280,4,9,1946,2001,0,0,0,560,704,0,0,0,1,1,0,2,1,4,887
"UNKNOWN","IR1","Lvl","AllPub","Gilbert",60,8658,6,5,2000,2000,0,732,0,250,1008,881,0,0,0,2,1,3,1,9,2150
"Grvl","Reg","Lvl","AllPub","OldTown",30,10410,3,8,1930,2001,0,0,0,713,713,0,0,0,0,1,0,2,1,5,998
"UNKNOWN","Reg","Lvl","AllPub","OldTown",70,10560,6,7,1922,1994,0,283,0,455,868,602,0,0,0,1,1,2,1,6,1407
"UNKNOWN","IR1","Lvl","AllPub","StoneBr",120,4740,8,5,1988,1988,0,248,0,918,1179,0,0,1,0,2,0,2,1,5,1820
"UNKNOWN","Reg","Lvl","AllPub","Gilbert",80,8400,7,5,1996,1997,32,284,0,100,958,670,0,0,0,2,1,3,1,7,1890
"UNKNOWN","IR1","HLS","AllPub","Crawfor",120,4750,8,5,2006,2007,481,1573,0,0,1625,0,0,1,1,2,0,2,1,5,2350
"UNKNOWN","IR1","Lvl","AllPub","CollgCr",20,10402,7,5,2009,2009,0,0,0,1226,1226,0,0,0,0,2,0,3,1,6,1989
"UNKNOWN","Reg","Lvl","AllPub","Sawyer",20,11200,5,5,1965,1965,0,906,0,134,1040,0,0,1,0,1,0,3,1,5,1295
"UNKNOWN","IR1","Lvl","AllPub","Greens",120,3760,8,5,1980,1980,0,1009,182,44,1235,0,0,1,0,1,0,1,1,4,2140
"UNKNOWN","IR1","Lvl","AllPub","NridgHt",120,10307,7,5,2007,2008,176,876,0,474,1358,0,0,1,0,2,0,2,1,6,2125
"UNKNOWN","Reg","Bnk","AllPub","SWISU",30,4853,5,6,1924,1999,203,133,0,974,1296,0,0,0,0,2,0,2,1,5,1040
"UNKNOWN","Reg","Lvl","AllPub","Somerst",60,10207,7,6,2007,2007,0,0,0,874,874,887,0,0,0,3,0,3,1,7,2278
"UNKNOWN","Reg","Lvl","AllPub","Sawyer",90,12900,4,4,1969,1969,0,1198,0,0,1258,0,0,2,0,0,2,0,2,6,1089
"UNKNOWN","Reg","Lvl","AllPub","CollgCr",20,9316,7,5,2005,2005,140,56,0,1558,1614,0,0,0,0,2,0,3,1,7,2250
"UNKNOWN","Reg","Lvl","AllPub","IDOTRR",80,13200,6,6,1963,1963,234,375,0,366,1497,797,0,0,0,3,0,5,1,9,2025
"UNKNOWN","IR1","Lvl","AllPub","CollgCr",60,9548,7,6,2003,2003,223,483,0,458,941,888,0,1,0,2,1,3,1,7,2370
"UNKNOWN","IR1","Lvl","AllPub","Somerst",60,8127,7,5,2003,2003,0,410,0,402,812,841,0,1,0,2,1,3,1,6,2090
"Pave","Reg","Lvl","AllPub","BrkSide",70,13515,6,6,1919,1950,0,0,0,764,1060,764,0,0,0,1,0,3,1,8,1805
"UNKNOWN","Reg","Lvl","AllPub","NAmes",50,8064,6,5,1950,1950,0,621,0,174,765,368,0,0,0,1,0,3,1,5,1285
"UNKNOWN","IR1","Low","AllPub","ClearCr",20,25095,5,8,1968,2003,0,1324,0,113,1473,0,0,2,0,1,0,1,1,5,1430
"UNKNOWN","Reg","Lvl","AllPub","NAmes",20,9230,5,8,1965,1998,166,661,0,203,1200,0,0,1,0,1,1,1,1,6,1460
"UNKNOWN","Reg","Lvl","AllPub","NAmes",20,8400,6,9,1962,2005,237,0,0,1319,1537,0,0,1,0,1,1,3,1,7,1740
"UNKNOWN","IR1","Lvl","AllPub","NAmes",20,10500,5,5,1964,1964,144,998,0,294,1292,0,0,1,0,1,1,3,1,6,1451
"UNKNOWN","Reg","Lvl","AllPub","BrkSide",30,8854,6,6,1916,1950,0,0,0,952,952,0,0,0,0,1,0,2,1,4,1210
"UNKNOWN","Reg","Lvl","AllPub","BrkSide",30,6120,5,6,1925,1999,0,0,0,960,995,0,0,0,0,1,0,2,1,5,1150
"UNKNOWN","Reg","Lvl","AllPub","CollgCr",20,8070,4,5,1994,1995,0,588,0,402,990,0,0,1,0,1,0,3,1,5,1236
"UNKNOWN","Reg","Lvl","AllPub","Mitchel",90,10530,6,5,1977,1977,90,975,0,0,1004,0,0,1,0,1,0,2,1,4,1350
"UNKNOWN","Reg","Lvl","AllPub","Edwards",20,10206,3,3,1952,1952,0,0,0,0,944,0,0,0,0,1,0,2,1,4,820
"Grvl","Reg","Lvl","AllPub","OldTown",50,9600,5,8,1925,1994,0,0,0,702,842,630,0,0,0,1,0,3,1,6,1250
"UNKNOWN","IR1","Lvl","AllPub","CollgCr",20,12250,5,6,1978,1978,180,781,0,83,1174,0,0,1,0,1,0,3,1,5,1580
"UNKNOWN","IR1","Lvl","AllPub","CollgCr",60,9337,6,5,1997,1997,0,648,0,176,905,881,0,1,0,2,1,3,1,7,2047
"UNKNOWN","Reg","Lvl","AllPub","NAmes",20,10895,5,6,1955,1955,0,648,0,324,972,0,0,0,0,1,0,3,1,5,1225
"UNKNOWN","IR1","Lvl","AllPub","SWISU",190,4484,5,6,1942,1979,0,485,0,187,778,504,0,1,0,1,0,2,1,4,1085
"UNKNOWN","Reg","Lvl","AllPub","NAmes",20,7763,5,7,1962,1980,0,504,108,319,1283,0,0,1,0,1,0,3,1,6,1400
"UNKNOWN","IR1","Lvl","AllPub","NridgHt",120,6904,6,5,2005,2005,240,836,0,522,1358,0,0,0,0,2,0,2,1,6,2130
"UNKNOWN","Reg","Lvl","AllPub","Edwards",20,8877,4,6,1938,1958,0,690,0,126,816,0,0,1,0,1,0,2,1,3,1000
"UNKNOWN","Reg","Lvl","AllPub","Somerst",60,11003,10,5,2008,2008,160,765,0,252,1026,981,0,1,0,2,1,3,1,10,3100
"UNKNOWN","IR3","Lvl","AllPub","NAmes",20,12155,6,3,1970,1970,0,1237,0,420,1657,0,0,0,1,2,0,3,1,7,1635
"UNKNOWN","Reg","Lvl","AllPub","NridgHt",20,11694,9,5,2007,2007,452,48,0,1774,1828,0,0,0,0,2,0,3,1,9,3148
"UNKNOWN","IR1","Lvl","AllPub","Gilbert",60,10141,7,5,1998,1998,40,0,0,832,885,833,0,0,0,2,1,3,1,7,1850
"UNKNOWN","Reg","Lvl","AllPub","NWAmes",60,10421,7,5,1988,1988,42,394,0,586,980,734,0,0,0,2,1,3,1,7,1965
"UNKNOWN","Reg","Lvl","AllPub","NAmes",20,7922,5,7,1953,2007,0,731,0,326,1057,0,0,1,0,1,0,3,1,5,1090
"UNKNOWN","Reg","Lvl","AllPub","NridgHt",20,14333,8,5,2007,2007,0,1518,0,590,2122,0,0,1,0,2,1,2,1,7,3454
"UNKNOWN","Reg","Lvl","AllPub","IDOTRR",30,12366,3,5,1945,1950,0,0,0,0,729,0,0,0,0,1,0,2,1,5,516
"UNKNOWN","Reg","Lvl","AllPub","Mitchel",20,6953,5,7,1971,2004,0,469,0,395,874,0,0,0,0,1,0,3,1,5,1300
"UNKNOWN","Reg","Lvl","AllPub","NAmes",20,6600,5,5,1962,1962,0,110,442,312,864,0,0,0,0,1,0,2,1,5,1255
"UNKNOWN","Reg","Lvl","AllPub","Edwards",80,6285,6,6,1976,1976,0,504,0,456,1044,0,0,1,0,1,0,3,1,7,1335
"Pave","IR1","Lvl","AllPub","Somerst",120,3784,8,5,2006,2007,36,60,0,1451,1565,0,0,1,0,2,0,2,1,5,1938
"UNKNOWN","Reg","Lvl","AllPub","NAmes",45,12172,5,7,1940,1996,0,130,259,433,908,0,0,0,0,1,0,2,1,4,1385
"UNKNOWN","Reg","Lvl","AllPub","OldTown",20,6000,5,5,1948,1950,0,104,169,516,789,0,0,0,0,1,0,2,1,5,1150
"Grvl","Reg","Lvl","AllPub","OldTown",70,7200,6,8,1915,1950,0,338,0,325,774,821,0,0,0,2,0,3,1,7,1555
"UNKNOWN","IR1","Lvl","AllPub","Timber",60,9839,6,8,1980,2006,0,462,0,250,1375,862,0,0,0,2,1,3,1,7,2040
"UNKNOWN","Reg","Lvl","AllPub","BrkSide",50,6000,6,7,1940,1989,0,521,0,460,1014,658,0,0,0,1,1,3,1,6,1649
"UNKNOWN","Reg","Lvl","AllPub","NAmes",20,9204,5,5,1963,1963,0,25,872,247,1144,0,0,1,0,1,1,3,1,6,1240
"UNKNOWN","IR1","Lvl","AllPub","CollgCr",20,14330,5,6,1975,2001,0,88,596,180,1558,0,0,1,0,2,0,2,1,5,1630
"UNKNOWN","Reg","Lvl","AllPub","Sawyer",20,8480,5,6,1963,1963,0,630,0,340,970,0,0,1,0,1,0,2,1,5,1325
"UNKNOWN","IR1","Lvl","AllPub","Mitchel",20,11625,5,7,1983,1983,0,596,0,220,816,0,0,1,0,1,0,2,1,4,1390
"UNKNOWN","IR1","HLS","AllPub","Crawfor",70,11988,6,7,1934,1995,0,326,0,389,849,811,0,0,0,1,1,3,1,6,1887
"UNKNOWN","Reg","Lvl","AllPub","OldTown",30,4608,4,6,1945,1950,0,0,0,747,747,0,0,0,0,1,0,2,1,4,800
"UNKNOWN","IR1","HLS","AllPub","Crawfor",70,9650,6,3,1923,1950,0,0,0,784,819,784,0,0,0,1,0,4,1,7,1380
"UNKNOWN","Reg","Lvl","AllPub","Sawyer",20,7800,5,7,1967,2004,89,450,0,414,899,0,0,0,0,1,0,3,1,5,1300
"UNKNOWN","Reg","Lvl","AllPub","Somerst",60,9605,7,5,2006,2006,0,0,0,982,982,995,0,0,0,2,1,3,1,7,2500
"UNKNOWN","IR1","Lvl","AllPub","NWAmes",20,10456,6,6,1967,1967,120,506,0,1323,1829,0,0,1,0,2,0,4,1,8,2185
"UNKNOWN","Reg","Lvl","AllPub","NAmes",60,7700,6,5,1966,1966,351,0,0,756,1051,788,0,0,0,1,1,4,1,7,1550
"UNKNOWN","IR1","Lvl","AllPub","CollgCr",60,12438,6,5,1995,1995,68,0,0,781,795,704,0,0,0,2,1,3,1,6,1870
"UNKNOWN","Reg","Lvl","AllPub","Somerst",20,10440,6,5,2005,2005,0,1414,0,54,1468,0,0,1,0,2,0,2,1,6,2715
"UNKNOWN","Reg","Lvl","AllPub","NridgHt",20,12085,8,5,2007,2007,328,1004,0,730,1734,0,0,1,0,2,0,3,1,7,3180
"UNKNOWN","Reg","Lvl","AllPub","SawyerW",60,8285,7,5,1992,1992,0,397,0,439,844,893,0,0,1,2,1,3,1,7,1750
"UNKNOWN","Reg","Lvl","AllPub","CollgCr",20,8814,7,5,2006,2006,180,1334,0,270,1604,0,0,1,0,2,1,3,1,8,2200
"Grvl","Reg","Bnk","AllPub","NAmes",50,10930,5,6,1945,1950,0,580,0,333,1048,510,0,1,0,1,1,3,1,6,1400
"UNKNOWN","Reg","Lvl","AllPub","OldTown",30,5925,2,4,1940,1950,0,0,0,0,612,0,0,0,0,1,0,1,1,4,450
"Grvl","Reg","Lvl","AllPub","Edwards",30,8088,2,3,1922,1955,0,0,0,498,498,0,0,0,0,1,0,1,1,3,350
"UNKNOWN","Reg","Lvl","AllPub","NAmes",20,7200,5,7,1954,1954,0,0,0,825,825,0,0,0,1,1,0,2,1,4,1095
"UNKNOWN","Reg","Lvl","AllPub","Sawyer",50,6960,7,8,1940,1998,0,258,0,422,798,504,0,0,0,1,1,2,1,6,1652
"UNKNOWN","Reg","Lvl","AllPub","Mitchel",90,7060,7,5,1997,1998,200,1309,0,35,1344,0,0,2,0,2,0,2,2,8,2063
"UNKNOWN","Reg","Lvl","AllPub","Edwards",50,8410,5,3,1910,1996,0,0,0,658,658,526,0,0,0,1,0,5,1,8,810
"Grvl","Reg","Lvl","AllPub","OldTown",70,5100,8,7,1925,1996,0,0,0,588,833,833,0,0,0,1,0,3,1,7,1610
"UNKNOWN","Reg","Lvl","AllPub","NAmes",20,9100,5,5,1960,1960,69,0,0,1144,1144,0,0,0,0,1,0,3,1,6,1200
"UNKNOWN","Reg","Lvl","AllPub","Blmngtn",120,2938,7,5,2002,2002,40,1038,0,330,1511,0,0,1,0,2,0,2,1,5,2469
"UNKNOWN","Reg","Lvl","AllPub","CollgCr",60,8450,7,5,2003,2003,196,706,0,150,856,854,0,1,0,2,1,3,1,8,2085
"UNKNOWN","Reg","Lvl","AllPub","NAmes",20,11556,5,9,1953,2006,0,408,0,456,1154,0,0,0,0,1,1,3,1,6,1420
"UNKNOWN","IR3","Lvl","AllPub","CollgCr",60,15295,7,5,1996,2002,254,762,0,98,1212,780,0,1,0,2,1,3,1,7,2110
"UNKNOWN","Reg","Lvl","AllPub","IDOTRR",70,9060,5,6,1923,1999,0,548,0,311,942,886,0,0,0,2,0,3,1,6,1509
"UNKNOWN","Reg","Lvl","AllPub","NAmes",20,11050,5,5,1956,1956,0,488,0,517,1005,0,0,0,0,1,0,2,1,6,1335
"UNKNOWN","Reg","Lvl","AllPub","Sawyer",90,8235,5,4,1977,1977,99,483,0,1466,1949,0,0,0,0,2,0,6,2,10,1570
"UNKNOWN","IR1","Low","AllPub","Timber",20,50102,6,5,1958,1958,0,909,0,723,1650,0,0,1,0,1,0,2,1,6,2507
"UNKNOWN","Reg","Lvl","AllPub","NoRidge",60,10790,7,5,1998,1998,275,0,0,1066,1108,1277,0,0,0,2,1,4,1,8,2520
"UNKNOWN","IR1","Lvl","AllPub","NAmes",20,7830,5,5,1970,1970,0,0,0,1180,1180,0,0,0,0,1,1,2,1,6,1280
"Pave","IR1","Lvl","AllPub","Somerst",60,8010,8,5,2003,2004,0,964,0,90,1072,976,0,1,0,2,1,3,1,8,3010
"UNKNOWN","Reg","Lvl","AllPub","NAmes",20,10667,6,6,1971,1971,302,838,0,749,1587,0,0,0,0,2,0,3,1,7,1673
"UNKNOWN","IR1","Lvl","AllPub","Edwards",90,9555,5,6,1979,1979,0,0,0,0,1100,1133,0,0,0,2,1,5,2,11,1410
"UNKNOWN","Reg","Lvl","AllPub","NPkVill",120,4043,6,5,1975,1975,0,727,156,186,1069,0,0,0,1,2,0,2,1,4,1463
"UNKNOWN","IR1","Lvl","AllPub","NridgHt",120,7390,9,5,2008,2009,308,800,0,1084,1884,0,0,1,0,2,0,2,1,6,3200
"UNKNOWN","IR1","Lvl","AllPub","Gilbert",60,8918,6,5,2005,2006,0,0,0,745,745,745,0,0,0,2,1,3,1,7,1678
"UNKNOWN","Reg","Lvl","AllPub","Edwards",20,9937,5,6,1965,1965,0,830,290,136,1256,0,0,1,0,1,1,3,1,6,1475
"UNKNOWN","Reg","Lvl","AllPub","BrkSide",30,6120,2,3,1936,1950,0,0,0,264,800,0,0,0,0,1,0,1,1,4,600
"UNKNOWN","Reg","Lvl","AllPub","NAmes",20,8973,5,7,1958,1991,85,567,28,413,1053,0,0,0,1,1,1,3,1,6,1500
"UNKNOWN","IR1","Low","AllPub","NAmes",20,39384,6,6,1957,1957,902,1110,0,595,1390,0,0,1,0,1,1,1,1,4,2520
"UNKNOWN","Reg","Lvl","AllPub","IDOTRR",70,6402,5,5,1920,1950,0,0,0,596,596,596,0,0,0,1,0,3,1,6,780
"UNKNOWN","Reg","Lvl","AllPub","ClearCr",50,17120,4,4,1959,1959,0,0,0,0,1120,468,0,0,0,2,0,4,1,7,1344
"UNKNOWN","Reg","Lvl","AllPub","NAmes",50,9600,6,5,1950,1950,0,280,0,752,1032,220,0,0,0,1,0,3,1,6,1190
"UNKNOWN","Reg","Lvl","AllPub","Sawyer",20,17920,5,4,1955,1974,0,306,1085,372,1779,0,0,1,0,1,1,3,1,6,1700
"UNKNOWN","Reg","Lvl","AllPub","NAmes",20,8400,5,5,1957,1957,0,623,0,556,1364,0,0,0,0,1,1,3,1,6,1320
"UNKNOWN","Reg","Lvl","AllPub","NAmes",20,7936,6,6,1963,1963,0,826,0,219,1045,0,0,1,0,1,0,3,1,6,1270
"UNKNOWN","IR1","Lvl","AllPub","Edwards",60,11060,7,5,2003,2005,0,0,0,1150,1164,1150,0,0,0,2,1,3,1,9,2290
"UNKNOWN","IR1","HLS","AllPub","Timber",60,13159,7,5,2009,2009,0,0,0,846,846,846,0,0,0,2,1,3,1,6,2245
"UNKNOWN","IR1","Low","AllPub","CollgCr",80,10970,6,6,1978,1978,0,505,435,0,1026,0,0,1,0,1,0,3,1,5,1470
"Grvl","Reg","Lvl","AllPub","IDOTRR",50,10320,5,6,1915,1978,0,0,0,880,880,428,0,0,0,2,0,2,1,6,1200
"UNKNOWN","Reg","Lvl","AllPub","Blmngtn",120,3196,8,5,2003,2003,40,0,0,1273,1456,0,0,0,0,2,0,2,1,7,2150
"UNKNOWN","Reg","Lvl","AllPub","CollgCr",20,8125,7,5,2002,2002,295,986,0,668,1654,0,0,1,0,2,0,3,1,6,2300
"UNKNOWN","Reg","Lvl","AllPub","Mitchel",20,11070,5,5,1991,1991,0,55,0,1527,1595,0,0,1,0,2,0,2,1,5,1520
"UNKNOWN","IR1","Lvl","AllPub","Crawfor",190,6221,5,5,1941,1950,0,533,0,195,760,595,0,0,0,2,0,3,1,5,1400
"UNKNOWN","Reg","Lvl","AllPub","Veenker",80,9600,6,7,1976,1994,360,0,0,528,1094,761,0,0,0,2,1,3,1,7,1870
"UNKNOWN","Reg","Lvl","AllPub","IDOTRR",30,4800,4,7,1916,1990,0,197,0,999,1196,0,0,1,0,1,0,2,1,5,1099
"UNKNOWN","Reg","Bnk","AllPub","Crawfor",20,12984,5,6,1977,1977,459,1283,147,0,1647,0,0,1,0,2,0,3,1,7,2175
"UNKNOWN","Reg","Lvl","AllPub","NAmes",60,7590,5,5,1962,1962,288,540,0,324,876,936,0,0,0,2,0,4,1,8,1695
"UNKNOWN","Reg","Lvl","AllPub","SawyerW",60,11218,6,5,1992,1992,0,0,0,1055,1055,790,0,0,0,2,1,3,1,8,1890
"UNKNOWN","Reg","Lvl","AllPub","CollgCr",120,4435,6,5,2003,2003,170,717,0,131,848,0,0,1,0,1,0,1,1,4,1330
"UNKNOWN","IR2","HLS","AllPub","NAmes",20,27650,7,7,1960,2007,0,425,0,160,2069,0,0,1,0,2,0,4,1,9,2420
"UNKNOWN","IR1","Lvl","AllPub","SawyerW",60,8304,6,5,1997,1998,0,0,0,941,941,896,0,0,0,2,1,3,1,7,1870
"UNKNOWN","IR1","Lvl","AllPub","Timber",20,12890,6,5,1989,1989,128,0,0,1495,1495,0,0,0,0,2,0,3,1,8,1500
"UNKNOWN","IR1","Lvl","AllPub","Edwards",90,10547,5,5,1978,1978,0,1152,0,0,1152,0,0,2,0,2,0,2,2,6,1599
"UNKNOWN","Reg","Lvl","AllPub","Edwards",20,10682,4,6,1960,1971,0,399,0,615,1149,0,0,1,0,1,0,3,1,7,1270
"UNKNOWN","IR1","Lvl","AllPub","NAmes",20,11000,5,6,1966,1966,200,740,230,184,1154,0,0,0,0,1,1,3,1,6,1540
"UNKNOWN","Reg","Lvl","AllPub","Somerst",20,9612,8,5,2008,2009,72,0,0,1468,1468,0,0,0,0,2,0,3,1,6,2446
"UNKNOWN","Reg","Lvl","AllPub","Somerst",160,2998,6,5,2000,2000,513,353,0,403,768,756,0,0,0,2,1,2,1,4,1660
"UNKNOWN","Reg","Lvl","AllPub","NAmes",20,9000,4,7,1971,2006,0,240,0,624,864,0,0,0,0,1,0,3,1,5,1300
"UNKNOWN","IR1","Lvl","AllPub","StoneBr",20,17423,9,5,2008,2009,748,1904,0,312,2234,0,0,1,0,2,0,1,1,9,5018
"Pave","IR1","Lvl","AllPub","OldTown",70,11700,7,7,1880,2003,0,0,0,1240,1320,1320,0,0,0,1,1,4,1,8,2659
"UNKNOWN","IR1","Low","AllPub","Edwards",30,10020,1,1,1922,1950,0,350,0,333,904,0,0,1,0,0,1,1,1,4,610
"UNKNOWN","IR1","Lvl","AllPub","Sawyer",85,7252,5,5,1982,1982,0,685,0,173,858,0,0,1,0,1,0,2,1,5,1349
"UNKNOWN","IR1","Lvl","AllPub","NridgHt",20,11146,8,5,2006,2006,250,0,0,1709,1717,0,0,0,0,2,0,3,1,7,2555
"UNKNOWN","Reg","Lvl","AllPub","Gilbert",60,14067,6,5,1991,1991,194,504,0,332,851,858,0,1,0,2,1,3,1,7,1850
"UNKNOWN","Reg","Lvl","AllPub","NAmes",20,9000,4,6,1971,1971,0,616,0,248,864,0,0,0,0,1,0,3,1,5,1205
"UNKNOWN","Reg","Lvl","AllPub","NWAmes",60,8400,8,6,2001,2001,0,643,0,167,810,855,0,1,0,2,1,3,1,6,2270
"UNKNOWN","IR1","Lvl","AllPub","NWAmes",60,14803,6,5,1971,1971,252,416,0,409,1097,896,0,0,0,2,1,4,1,8,1900
"UNKNOWN","Reg","Lvl","AllPub","NWAmes",85,10625,7,6,1974,1974,81,885,168,0,1173,0,0,1,0,2,0,3,1,6,1700
"Grvl","Reg","Lvl","AllPub","IDOTRR",190,10320,3,3,1915,1950,0,0,0,536,808,536,0,0,0,2,0,3,2,8,823
"UNKNOWN","Reg","Lvl","AllPub","BrDale",160,1680,6,5,1971,1971,504,156,0,327,483,504,0,0,0,1,1,2,1,5,960
"UNKNOWN","Reg","Lvl","AllPub","Edwards",50,11100,5,6,1951,1994,0,1080,0,0,1080,400,0,1,0,1,0,4,1,7,1365
"UNKNOWN","IR1","HLS","AllPub","NridgHt",20,11846,9,5,2003,2004,562,1567,0,225,1792,0,0,1,0,2,0,2,1,6,3740
"UNKNOWN","IR1","Lvl","AllPub","Edwards",90,9400,6,5,1975,1975,250,945,0,0,980,0,0,0,2,2,0,4,0,4,1275
"UNKNOWN","Reg","Lvl","AllPub","Edwards",85,12102,5,5,1976,1976,222,456,0,0,1033,0,0,0,1,1,0,3,1,6,1650
"UNKNOWN","IR1","Lvl","AllPub","NWAmes",20,10738,6,7,1966,1966,0,792,0,301,1093,0,0,1,0,2,0,3,1,6,1585
"UNKNOWN","IR1","Lvl","AllPub","NWAmes",80,10395,6,6,1978,1978,233,605,0,427,1032,0,0,0,1,2,0,3,1,6,1480
"UNKNOWN","IR1","Lvl","AllPub","NAmes",85,11380,6,8,1966,2008,216,944,0,136,1128,0,0,1,0,1,0,2,1,5,1780
"UNKNOWN","IR1","Lvl","AllPub","CollgCr",20,10264,7,5,1999,1999,183,1162,0,426,1588,0,0,0,0,2,0,3,1,6,2140
"UNKNOWN","IR1","Low","AllPub","Veenker",20,50271,9,5,1981,1987,0,1810,0,32,1842,0,0,2,0,0,1,0,1,5,3850
"UNKNOWN","Reg","Lvl","AllPub","BrkSide",20,5000,3,3,1946,1950,0,299,0,367,666,0,0,0,1,1,0,2,1,4,645
"UNKNOWN","IR1","Lvl","AllPub","Gilbert",20,12216,6,5,2005,2005,0,918,0,408,1326,0,0,1,0,2,0,3,1,6,2030
"UNKNOWN","IR1","Lvl","AllPub","Somerst",20,12274,7,5,2008,2008,256,0,0,1417,1428,0,0,0,0,2,0,3,1,6,2276
"UNKNOWN","Reg","Lvl","AllPub","IDOTRR",190,6780,6,8,1935,1982,0,490,0,30,520,0,234,1,0,1,0,2,1,5,845
"UNKNOWN","Reg","Lvl","AllPub","Edwards",90,6845,4,5,1955,1955,58,0,0,0,1152,0,0,0,0,2,0,2,2,6,825
"UNKNOWN","Reg","Lvl","AllPub","NAmes",20,10004,6,6,1964,1964,180,196,345,975,1516,0,0,0,0,1,1,3,1,6,1670
"UNKNOWN","Reg","Bnk","AllPub","Edwards",20,7800,5,8,1948,2002,0,603,0,293,1112,896,0,1,0,3,0,3,1,8,2250
"UNKNOWN","Reg","Lvl","AllPub","NridgHt",120,3901,6,5,2005,2006,182,866,0,436,1302,0,0,1,0,1,1,1,1,5,2040
"UNKNOWN","Reg","Lvl","AllPub","Somerst",20,10130,8,5,2007,2007,260,1294,0,408,1702,0,0,1,0,2,0,3,1,7,2755
"UNKNOWN","Reg","Lvl","AllPub","Timber",60,11316,7,5,2002,2003,44,624,0,193,824,1070,0,1,0,2,1,4,1,8,2149
"UNKNOWN","IR1","Lvl","AllPub","NAmes",80,14112,5,7,1964,1964,86,1014,0,138,1152,0,0,1,0,1,0,3,1,6,1805
"UNKNOWN","Reg","Lvl","AllPub","CollgCr",20,8769,7,5,2005,2005,0,709,0,460,1190,0,0,1,0,2,0,2,1,5,1735
"UNKNOWN","Reg","Lvl","AllPub","NAmes",50,12144,4,6,1950,1950,0,455,0,455,910,611,0,0,0,1,1,3,1,6,1475
"UNKNOWN","Reg","Lvl","AllPub","NAmes",75,25419,8,4,1918,1990,0,1036,184,140,1360,1360,392,1,1,2,0,4,1,8,2350
"UNKNOWN","Reg","Lvl","AllPub","NPkVill",120,2304,7,7,1978,1978,0,632,6,423,1055,0,0,0,0,2,0,2,1,4,1425
"UNKNOWN","IR1","Lvl","AllPub","Mitchel",80,9947,7,5,1990,1991,0,611,0,577,1217,0,0,1,0,2,0,3,1,6,1730
"UNKNOWN","Reg","Lvl","AllPub","Mitchel",20,10447,5,6,1984,1984,0,516,0,348,887,0,0,0,1,1,0,3,1,5,1245
"UNKNOWN","Reg","Lvl","AllPub","Edwards",60,7162,7,5,2003,2004,190,0,0,796,806,918,0,0,0,2,1,3,1,8,1965
"UNKNOWN","Reg","Lvl","AllPub","NridgHt",60,8899,8,5,2007,2007,108,40,0,908,948,1140,0,0,0,2,1,4,1,10,2500
"UNKNOWN","IR1","Lvl","AllPub","NWAmes",60,12388,7,7,1980,1991,229,602,0,441,1539,1134,0,0,0,2,1,4,1,9,2490
"UNKNOWN","IR1","Lvl","AllPub","NoRidge",60,11929,8,7,1995,1995,466,0,0,1242,1251,1250,0,0,0,2,1,4,1,9,2900
"UNKNOWN","Reg","Lvl","AllPub","Gilbert",20,10176,7,5,1990,1990,0,637,0,663,1341,0,0,1,0,1,1,2,1,5,1715
"Grvl","Reg","Lvl","AllPub","OldTown",50,10134,5,5,1910,1950,0,0,0,801,801,646,0,0,0,1,0,3,1,6,1030
"UNKNOWN","IR1","Lvl","AllPub","Sawyer",20,13673,5,5,1962,1962,0,0,0,1140,1696,0,0,0,0,1,1,3,1,8,1439
"UNKNOWN","Reg","Lvl","AllPub","Sawyer",20,9600,4,7,1950,1995,0,442,0,625,1067,0,0,0,0,2,0,2,1,4,1280
"UNKNOWN","Reg","Lvl","AllPub","Sawyer",190,8450,5,5,1968,1968,0,890,0,0,890,0,0,1,0,1,0,3,1,5,1150
"UNKNOWN","Reg","Lvl","AllPub","NAmes",80,9020,6,7,1966,1966,183,312,539,276,1165,0,0,1,0,1,1,3,1,6,1749
"UNKNOWN","Reg","Lvl","AllPub","Sawyer",20,9488,5,6,1947,1993,0,0,0,1046,1054,0,0,0,0,1,0,3,1,6,1240
"UNKNOWN","IR1","Lvl","AllPub","SawyerW",60,10380,7,5,1986,1987,172,28,1474,0,1553,1177,0,1,0,2,1,4,1,8,3010
"UNKNOWN","IR1","Lvl","AllPub","CollgCr",60,14006,7,5,2002,2002,144,0,0,936,936,840,0,0,0,2,1,3,1,7,1925
"UNKNOWN","Reg","HLS","AllPub","StoneBr",20,8089,8,6,2007,2007,0,945,0,474,1419,0,0,1,0,2,0,2,1,7,3920
"UNKNOWN","Reg","Lvl","AllPub","Somerst",60,8640,7,5,2009,2009,0,822,0,78,932,920,0,1,0,2,1,3,1,7,2526
"UNKNOWN","Reg","Lvl","AllPub","Sawyer",20,7064,5,6,1977,1977,153,560,0,420,980,0,0,0,0,1,0,3,1,6,1350
"UNKNOWN","Reg","Lvl","AllPub","Edwards",20,11767,5,5,1956,1956,259,546,0,604,1560,0,0,0,0,1,0,2,1,7,1035
"UNKNOWN","IR1","Lvl","AllPub","Somerst",60,8004,8,5,2009,2009,110,544,0,288,832,1103,0,1,0,2,1,3,1,8,2634
"UNKNOWN","IR1","Lvl","AllPub","NAmes",20,7785,5,5,1956,1956,0,0,0,0,1014,0,0,0,0,1,0,2,1,6,980
"UNKNOWN","Reg","Lvl","AllPub","NridgHt",20,15431,10,5,2005,2006,400,1430,0,564,2046,0,0,1,0,2,1,2,1,7,4500
"UNKNOWN","Reg","Lvl","AllPub","CollgCr",20,8760,8,5,2006,2006,132,36,0,1453,1500,0,0,0,0,2,0,3,1,7,2129
"UNKNOWN","Reg","Lvl","AllPub","OldTown",30,8520,5,8,1923,1950,0,0,0,624,792,0,0,0,0,1,0,2,1,5,995
"UNKNOWN","Reg","Lvl","AllPub","Edwards",80,6305,6,6,1975,1975,0,528,0,480,1096,0,0,1,0,1,0,3,1,5,1252
"UNKNOWN","IR1","Lvl","AllPub","NAmes",20,9830,5,7,1959,2006,0,72,258,733,1287,0,0,1,0,1,0,3,1,7,1620
"UNKNOWN","Reg","Lvl","AllPub","Somerst",160,2117,6,5,2000,2000,456,436,0,320,769,756,0,0,0,2,1,3,1,5,1770
"UNKNOWN","Reg","Bnk","AllPub","SawyerW",70,26400,5,7,1880,2007,0,0,0,0,1288,728,0,0,0,1,0,4,1,7,1310
"UNKNOWN","IR1","Lvl","AllPub","StoneBr",120,6264,8,5,1997,1997,0,656,0,1008,1682,0,0,1,0,1,1,1,1,6,2479
"UNKNOWN","Reg","Bnk","AllPub","SawyerW",90,7007,5,5,1979,1979,0,0,0,0,1513,0,0,0,0,2,0,4,2,8,1137
"UNKNOWN","IR1","HLS","AllPub","Timber",20,13214,9,5,2008,2009,0,0,0,2002,2018,0,0,0,0,2,0,3,1,10,3785
"UNKNOWN","Reg","Lvl","AllPub","CollgCr",20,8487,7,5,2004,2004,210,20,0,1480,1500,0,0,0,0,2,0,3,1,6,1900
"UNKNOWN","IR1","Lvl","AllPub","NridgHt",20,12378,9,5,2003,2004,0,1274,0,622,1944,0,0,1,0,2,0,3,1,8,3600
"UNKNOWN","Reg","Bnk","AllPub","SWISU",70,8525,5,6,1911,1950,0,0,0,940,1024,940,0,0,0,1,1,4,1,7,1300
"UNKNOWN","Reg","Lvl","AllPub","NAmes",20,10200,6,5,1974,1974,440,844,0,590,1434,0,0,1,0,2,0,4,1,7,1570
"UNKNOWN","Reg","Lvl","AllPub","Edwards",20,17140,4,6,1956,1956,0,1059,0,75,1229,0,0,0,0,1,0,3,1,6,1350
"UNKNOWN","Reg","Lvl","AllPub","NoRidge",20,12461,8,5,1994,1995,0,1456,0,168,1624,0,0,1,0,2,0,2,1,5,2620
"UNKNOWN","IR1","HLS","AllPub","Gilbert",60,13128,8,5,2005,2005,216,0,0,1074,1074,990,0,0,0,2,1,4,1,7,2500
"UNKNOWN","Reg","Lvl","AllPub","BrDale",160,1680,6,8,1972,2007,510,162,0,321,483,504,0,0,0,1,1,2,1,5,1180
"UNKNOWN","Reg","Lvl","AllPub","NAmes",90,9842,4,5,1962,1962,0,0,0,0,1224,0,0,0,0,2,0,2,2,6,1018
"UNKNOWN","IR1","Bnk","AllPub","Edwards",60,40094,10,5,2007,2008,762,2260,0,878,3138,1538,0,1,0,3,1,3,1,11,1847
"UNKNOWN","IR2","Lvl","AllPub","Crawfor",20,17871,4,5,1995,1996,0,0,0,1680,1680,0,0,0,0,2,0,4,1,7,1700
"UNKNOWN","Reg","Bnk","AllPub","IDOTRR",70,8660,5,6,1900,1993,0,0,0,760,928,928,312,0,0,2,0,5,1,11,1230
"Grvl","Reg","Lvl","AllPub","OldTown",50,3500,5,7,1947,1950,0,312,0,408,720,564,0,0,0,1,1,2,1,5,1100
"UNKNOWN","Reg","Lvl","AllPub","Edwards",20,8562,5,6,1957,2002,145,383,0,833,1526,0,0,0,0,1,0,4,1,7,1445
"UNKNOWN","Reg","Lvl","AllPub","Edwards",70,6629,6,6,1925,1950,0,551,0,121,697,672,0,1,0,2,0,3,1,6,1036
"UNKNOWN","Reg","HLS","AllPub","Crawfor",70,7200,7,6,1931,2000,0,0,0,776,851,651,0,0,0,1,1,3,1,6,1490
"UNKNOWN","IR1","Lvl","AllPub","Gilbert",60,13006,7,5,1997,1997,285,0,0,964,993,1243,0,0,0,2,1,4,1,8,2220
"UNKNOWN","IR1","Lvl","AllPub","NAmes",20,14357,5,5,1961,1961,0,311,167,386,1187,0,0,1,0,1,0,2,1,6,1405
"UNKNOWN","Reg","Lvl","AllPub","NridgHt",60,10625,7,5,2003,2004,292,866,0,132,1006,1040,0,1,0,2,1,3,1,8,2840
"UNKNOWN","IR1","Bnk","AllPub","Edwards",20,39290,10,5,2008,2009,1224,4010,0,1085,5095,0,0,1,1,2,1,2,1,15,1838
"UNKNOWN","Reg","Lvl","AllPub","NPkVill",160,2289,6,6,1978,1978,0,311,0,544,855,586,0,0,0,2,1,3,1,7,1485
"UNKNOWN","Reg","Lvl","AllPub","SawyerW",60,13474,7,5,1990,1991,246,700,0,0,1122,1121,0,1,0,2,1,4,1,8,2250
"UNKNOWN","Reg","Lvl","AllPub","OldTown",45,5500,4,6,1956,1956,0,0,0,882,882,0,0,0,0,1,0,1,1,4,1032
"Pave","IR1","Lvl","AllPub","Somerst",160,3951,10,5,1998,1999,0,128,842,0,1469,924,0,1,0,2,1,2,1,7,3450
"UNKNOWN","Reg","Lvl","AllPub","Sawyer",20,7150,5,6,1962,1962,60,140,590,182,912,0,0,0,1,1,0,3,1,6,1230
"UNKNOWN","Reg","Lvl","AllPub","BrkSide",45,6120,5,7,1939,1950,0,0,0,884,884,0,0,0,0,1,0,2,1,5,1130
"UNKNOWN","IR1","Lvl","AllPub","Crawfor",50,11500,7,7,1936,1987,0,223,0,794,1020,1037,0,0,0,1,1,3,1,6,2500
"UNKNOWN","Reg","Low","AllPub","Veenker",80,9600,8,5,1976,1976,200,0,0,392,1487,1012,0,0,0,2,1,4,1,5,1805
"UNKNOWN","IR1","Lvl","AllPub","Mitchel",80,12328,6,5,1976,1976,335,539,0,473,1034,0,0,1,0,1,0,3,1,6,1699
"UNKNOWN","IR1","Lvl","AllPub","NridgHt",120,6442,8,5,2006,2006,178,24,0,1346,1370,0,0,0,0,2,0,2,1,6,2025
"UNKNOWN","Reg","Lvl","AllPub","Somerst",20,7500,8,5,2006,2007,238,24,0,1348,1448,0,0,0,0,2,0,2,1,6,2385
"UNKNOWN","Reg","Lvl","AllPub","NAmes",90,8512,5,5,1960,1960,0,0,0,1556,1556,0,0,0,0,2,0,4,2,8,1190
"UNKNOWN","Reg","Lvl","AllPub","NAmes",80,9750,5,5,1967,1967,0,400,480,100,980,0,0,0,0,2,0,3,1,6,1355
"UNKNOWN","Reg","Lvl","AllPub","BrkSide",50,6240,5,7,1930,1992,0,0,0,1078,1128,445,0,0,0,2,0,3,1,8,1629
"UNKNOWN","Reg","Lvl","NoSewr","IDOTRR",30,21780,2,4,1910,1950,0,0,0,0,810,0,0,0,0,1,0,1,1,4,576
"UNKNOWN","Reg","Lvl","AllPub","OldTown",30,5400,2,5,1940,1950,0,0,0,416,599,0,0,1,0,1,0,2,1,4,590
"UNKNOWN","IR1","Bnk","AllPub","OldTown",190,10615,3,5,1900,1970,0,440,0,538,1014,685,0,1,0,2,0,3,2,7,950
"UNKNOWN","IR1","Lvl","AllPub","NAmes",20,8700,5,7,1961,1961,53,192,0,728,888,0,0,0,1,1,0,3,1,5,1200
"UNKNOWN","IR1","Lvl","AllPub","Gilbert",60,10000,6,5,1993,1994,0,0,0,763,763,892,0,0,0,2,1,3,1,7,1759
"UNKNOWN","Reg","Lvl","AllPub","NridgHt",20,13472,10,5,2003,2003,922,56,0,2336,2392,0,0,0,0,2,0,3,1,8,3862
"UNKNOWN","IR2","Lvl","AllPub","Gilbert",60,13031,6,5,1995,1996,0,592,0,99,691,807,0,0,0,2,1,3,1,6,1875
"UNKNOWN","Reg","Lvl","AllPub","NAmes",45,9600,5,7,1949,2003,0,220,0,625,893,0,0,0,1,1,0,2,1,4,1350
"UNKNOWN","IR1","Lvl","AllPub","NAmes",60,18450,6,5,1965,1979,113,187,723,111,1465,915,0,0,0,2,1,3,1,7,1290
"UNKNOWN","Reg","Bnk","AllPub","Mitchel",85,9360,6,7,1977,1977,0,841,116,0,1287,0,0,1,0,1,1,2,1,5,1730
"UNKNOWN","IR1","Lvl","AllPub","Gilbert",60,8857,6,5,2006,2006,0,0,0,738,738,757,0,0,0,2,1,3,1,7,1719
"Pave","IR1","Lvl","AllPub","Somerst",120,3316,8,5,2005,2005,0,1039,0,208,1247,0,0,1,0,1,1,1,1,4,1970
"UNKNOWN","IR1","Lvl","AllPub","GrnHill",120,9763,7,5,1998,1998,239,1102,72,328,1502,0,0,1,0,1,1,1,1,5,3300
"UNKNOWN","Reg","Lvl","AllPub","OldTown",75,6000,6,7,1915,2005,0,0,0,728,728,728,0,0,0,1,1,4,1,7,1395
"UNKNOWN","Reg","Lvl","AllPub","MeadowV",160,1526,4,5,1970,1970,0,0,0,546,546,546,0,0,0,1,1,3,1,5,795
"UNKNOWN","Reg","Lvl","AllPub","Gilbert",20,7875,7,5,1995,1996,38,0,0,1237,1253,0,0,0,0,2,0,3,1,6,1760
"UNKNOWN","Reg","Lvl","AllPub","SawyerW",20,13695,6,5,2003,2004,0,814,0,300,1114,0,0,1,0,1,0,3,1,6,1550
"UNKNOWN","IR1","Lvl","AllPub","Gilbert",60,9505,7,5,2001,2001,180,0,0,884,884,1151,0,0,0,2,1,3,1,8,2225
"Pave","IR1","Lvl","AllPub","Somerst",120,3523,8,5,2006,2007,30,60,0,1081,1151,0,0,1,0,2,0,2,1,5,1660
"UNKNOWN","Reg","Lvl","AllPub","NAmes",20,9000,5,5,1954,1954,0,812,0,124,1128,0,0,0,0,1,0,2,1,5,1180
"UNKNOWN","IR1","Lvl","AllPub","NWAmes",60,16659,7,7,1977,1994,34,795,0,0,1468,795,0,1,0,2,1,3,1,9,2350
"Grvl","Reg","Lvl","AllPub","OldTown",70,9600,7,7,1925,1990,0,16,0,712,832,809,0,0,1,1,1,3,1,6,1780
"UNKNOWN","Reg","Lvl","AllPub","OldTown",20,12000,5,7,1948,2005,0,144,608,172,1122,0,0,1,0,1,0,2,1,6,1470
"UNKNOWN","Reg","Lvl","AllPub","ClearCr",20,11075,6,5,1984,1984,136,299,891,0,1522,0,0,0,0,2,0,3,1,7,1820
"UNKNOWN","IR1","Lvl","AllPub","NWAmes",80,8991,7,6,1976,1976,130,624,604,0,1324,0,0,0,1,2,0,3,1,5,1740
"UNKNOWN","Reg","Lvl","AllPub","NAmes",50,8064,6,7,1948,1994,0,120,0,744,1064,0,431,0,0,1,0,3,1,6,1350
"UNKNOWN","Reg","Lvl","AllPub","Mitchel",20,6600,5,9,1982,2008,0,641,0,175,816,0,0,0,1,1,0,3,1,5,1305
"Grvl","Reg","Lvl","AllPub","OldTown",50,10410,4,5,1915,1950,0,0,0,1313,1313,0,1064,0,0,2,0,3,1,8,1429
"UNKNOWN","IR1","Lvl","AllPub","Crawfor",70,22420,6,6,1918,1950,0,1128,0,242,1370,1254,0,1,0,2,1,4,1,10,2390
"UNKNOWN","Reg","Lvl","AllPub","Edwards",20,6400,5,7,1959,2000,0,77,831,52,960,0,0,1,0,1,0,2,1,4,1317
"UNKNOWN","Reg","Lvl","AllPub","Somerst",60,10625,7,5,2005,2005,0,0,0,1026,1026,932,0,0,0,2,1,3,1,9,2500
"UNKNOWN","Reg","Lvl","AllPub","NAmes",60,8800,6,7,1964,1997,306,414,0,431,845,1309,0,0,0,2,1,5,1,8,2245
"UNKNOWN","Reg","Lvl","AllPub","NridgHt",120,5063,7,5,2007,2008,166,904,0,410,1314,0,0,1,0,2,0,2,1,6,2075
"UNKNOWN","Reg","Lvl","AllPub","NAmes",50,10800,4,7,1949,1996,0,0,0,832,832,629,0,0,0,2,0,4,1,6,1335
"UNKNOWN","IR1","Low","AllPub","ClearCr",20,36500,5,5,1964,1964,621,812,0,812,1582,0,0,0,1,2,0,4,1,7,1900
"UNKNOWN","IR1","Lvl","AllPub","Somerst",20,12291,10,5,2007,2007,754,1572,0,394,1966,0,0,1,0,2,0,1,1,6,4190
"UNKNOWN","Reg","Lvl","AllPub","Edwards",20,9937,5,7,1964,1999,0,637,0,849,1486,0,0,1,0,1,0,3,1,7,1670
"UNKNOWN","Reg","Lvl","AllPub","NAmes",50,7200,6,5,1954,1954,0,673,0,181,854,424,0,0,0,1,0,4,1,6,1275
"UNKNOWN","Reg","Lvl","AllPub","NAmes",20,7200,5,7,1955,2007,0,0,0,0,827,0,0,0,0,1,0,2,1,5,1075
"Grvl","Reg","Bnk","AllPub","SWISU",190,5687,5,6,1912,2000,0,210,0,570,936,780,0,1,0,2,0,6,1,9,1359
"UNKNOWN","Reg","Lvl","AllPub","NPkVill",120,4043,6,5,1977,1977,0,360,0,709,1069,0,0,0,0,2,0,2,1,4,1275
"UNKNOWN","IR1","Lvl","AllPub","NoRidge",60,16545,8,5,1998,1998,731,781,0,503,1310,1140,0,1,0,2,1,3,1,7,3400
"UNKNOWN","IR1","Lvl","AllPub","Sawyer",20,13052,5,6,1965,1965,0,712,0,312,1024,0,0,0,0,1,1,3,1,5,1208
"UNKNOWN","IR1","Lvl","AllPub","NAmes",20,16321,5,6,1957,1997,0,1277,0,207,1600,0,0,1,0,1,0,2,1,6,2075
"UNKNOWN","IR1","Lvl","AllPub","CollgCr",60,13450,7,5,2002,2002,0,700,0,216,920,941,0,1,0,2,1,3,1,8,2000
"UNKNOWN","Reg","Lvl","AllPub","StoneBr",120,3696,8,5,1986,1986,0,0,0,1074,1088,0,0,0,0,1,1,2,1,5,1700
"UNKNOWN","Reg","Lvl","AllPub","Edwards",20,8536,5,5,2006,2007,0,0,0,1125,1125,0,0,0,0,1,1,2,1,5,1550
"UNKNOWN","Reg","Lvl","AllPub","Crawfor",20,17500,7,8,1959,2002,0,1406,0,496,1902,0,0,1,0,2,0,3,1,7,3350
"UNKNOWN","Reg","Lvl","AllPub","OldTown",190,7200,6,6,1910,1998,0,1046,0,168,1260,1031,0,0,1,2,0,4,2,9,1339
"UNKNOWN","IR1","Lvl","AllPub","Timber",120,4084,7,6,1986,1986,340,893,0,384,1501,0,0,1,0,2,0,2,1,6,2415
"UNKNOWN","IR1","Lvl","AllPub","Edwards",80,11679,5,5,1962,1962,96,612,1164,0,1560,0,0,0,1,2,0,3,1,6,1820
"UNKNOWN","IR1","Lvl","AllPub","NoRidge",60,10944,7,5,1994,1994,448,1000,0,223,1223,904,0,1,0,2,1,3,1,5,2710
"UNKNOWN","IR1","Lvl","AllPub","Gilbert",60,11631,8,5,2004,2005,236,0,0,1052,1052,1321,0,0,0,2,1,4,1,9,2580
"UNKNOWN","Reg","Lvl","AllPub","BrkSide",50,5000,5,7,1941,2006,0,600,0,72,832,378,0,0,0,1,0,3,1,6,1240
"UNKNOWN","IR1","Lvl","AllPub","Somerst",120,4835,7,5,2004,2005,0,1298,0,190,1488,0,0,1,0,2,0,2,1,6,2600
"UNKNOWN","IR1","Lvl","AllPub","Sawyer",20,6897,5,8,1962,2010,0,659,0,381,1040,0,0,1,0,1,1,3,1,6,1270
"UNKNOWN","Reg","Lvl","AllPub","NAmes",20,9533,5,5,1953,1953,140,0,0,0,1210,0,0,0,0,1,1,2,1,7,1029
"UNKNOWN","Reg","Lvl","AllPub","Edwards",190,10106,5,7,1940,1999,0,351,181,112,808,547,0,1,0,2,0,4,2,6,1275
"UNKNOWN","Reg","Lvl","AllPub","NoRidge",60,9430,8,5,1999,1999,673,1163,0,89,1268,1097,0,1,0,2,1,3,1,8,3370
"UNKNOWN","Reg","Lvl","AllPub","NoRidge",60,11762,8,5,1992,1993,309,335,0,770,1105,1097,0,1,0,2,1,4,1,9,2630
"UNKNOWN","IR1","Lvl","AllPub","Somerst",60,11143,8,5,2004,2005,0,0,0,1580,1580,886,0,0,0,3,0,4,1,8,3400
"UNKNOWN","Reg","Lvl","AllPub","Edwards",50,11409,5,4,1949,2008,0,292,0,476,1148,568,0,0,0,1,1,3,1,8,1310
"UNKNOWN","Reg","Lvl","AllPub","NAmes",20,8532,5,6,1954,1990,650,1213,0,84,1297,0,0,0,1,1,0,3,1,5,1530
"UNKNOWN","IR1","Lvl","AllPub","Gilbert",80,10784,7,5,1991,1992,76,0,0,384,802,670,0,0,0,2,1,3,1,7,1600
"UNKNOWN","Reg","Lvl","AllPub","OldTown",20,12205,3,1,1949,1992,0,0,0,448,1588,0,0,0,0,2,0,5,1,6,650
"UNKNOWN","IR1","Lvl","AllPub","Mitchel",85,8410,6,6,1974,1974,0,924,0,46,1026,0,0,1,0,1,0,2,1,5,1430
"UNKNOWN","IR1","Lvl","AllPub","Gilbert",60,10261,6,5,2000,2000,318,0,0,936,962,830,0,1,0,2,1,3,1,8,1865
"UNKNOWN","Reg","Lvl","AllPub","NAmes",90,8944,5,5,1967,1967,0,0,0,1584,1584,0,0,0,0,2,0,4,2,8,1240
"UNKNOWN","Reg","Lvl","AllPub","OldTown",190,9045,5,3,1910,1950,0,0,0,840,1128,1128,0,0,0,2,0,4,2,12,765
"UNKNOWN","Reg","Lvl","AllPub","BrDale",160,1680,6,5,1971,1971,236,0,0,672,672,546,0,0,0,1,1,3,1,7,915
"UNKNOWN","IR2","Bnk","AllPub","OldTown",70,5775,6,7,1915,2002,0,0,0,483,741,686,0,0,0,1,0,3,1,7,1230
"UNKNOWN","Reg","Lvl","AllPub","Edwards",70,9084,4,5,1940,1950,0,0,0,755,755,755,0,1,0,1,0,4,1,7,1080
"UNKNOWN","Reg","Lvl","AllPub","OldTown",190,4456,4,5,1920,2008,0,0,0,736,736,716,0,0,0,2,0,2,3,8,1130
"UNKNOWN","IR1","Lvl","AllPub","NAmes",20,9320,4,5,1959,1959,0,569,0,381,1225,0,0,1,0,1,1,3,1,6,1289
"UNKNOWN","IR1","Lvl","AllPub","Sawyer",60,13517,6,8,1976,2005,289,533,0,192,725,754,0,0,0,2,1,3,1,6,1305
"UNKNOWN","IR1","Lvl","AllPub","Mitchel",90,12760,6,5,1976,1976,0,0,0,1958,2048,0,0,0,0,3,0,5,2,9,1700
"Grvl","IR1","Bnk","AllPub","OldTown",30,4118,4,4,1941,1950,0,0,0,693,693,0,0,0,0,1,0,2,1,4,525
"UNKNOWN","Reg","Lvl","AllPub","Edwards",90,8741,5,6,1946,1950,0,0,0,1195,1195,0,0,0,0,2,0,4,2,8,985
"Pave","Reg","Bnk","AllPub","OldTown",20,6000,4,4,1953,1953,0,0,0,936,936,0,0,0,0,1,0,2,1,4,930
"UNKNOWN","IR1","Lvl","AllPub","CollgCr",60,15426,6,5,1997,1997,0,821,0,107,928,836,0,1,0,2,1,3,1,7,2315
"UNKNOWN","Reg","HLS","AllPub","Mitchel",20,21750,5,5,1954,1954,0,0,0,988,988,0,0,0,0,1,0,2,1,4,1130
"UNKNOWN","Reg","Lvl","AllPub","Mitchel",20,8314,5,7,1982,1982,0,546,0,270,816,0,0,0,0,1,0,2,1,5,1245
"UNKNOWN","Reg","Lvl","AllPub","NAmes",20,9600,6,6,1958,1988,183,620,620,0,1632,0,0,1,0,2,0,3,1,6,1390
"UNKNOWN","Reg","Lvl","AllPub","CollgCr",20,9178,8,5,2008,2008,0,0,0,1468,1468,0,0,0,0,2,0,3,1,6,2399
"UNKNOWN","Reg","Lvl","AllPub","BrkSide",70,21384,5,6,1923,2004,0,1309,0,15,1072,504,0,2,0,1,1,3,1,6,2235
"UNKNOWN","IR1","HLS","AllPub","Timber",20,10991,8,5,2007,2007,80,0,0,1571,1571,0,0,0,0,2,0,3,1,7,2390
"UNKNOWN","IR1","Lvl","AllPub","Mitchel",50,12508,6,7,1940,1985,0,660,0,323,983,767,0,1,0,2,0,4,1,7,1600
"UNKNOWN","IR1","Lvl","AllPub","CollgCr",20,10235,8,5,2007,2007,306,0,0,1643,1651,0,0,0,0,2,0,3,1,7,2465
"UNKNOWN","IR1","Lvl","AllPub","Sawyer",80,10366,6,7,1964,1964,0,456,0,456,934,0,0,0,1,1,0,2,1,4,1320
"UNKNOWN","Reg","Lvl","AllPub","NAmes",20,9300,5,5,1960,1960,324,697,0,571,1264,0,0,1,0,1,0,3,1,6,1675
"UNKNOWN","IR1","Lvl","AllPub","NAmes",20,13651,7,6,1973,1973,1115,1880,0,343,2223,0,0,1,0,2,0,3,1,8,2440
"UNKNOWN","IR1","Lvl","AllPub","Gilbert",60,10852,6,5,2000,2000,0,786,0,173,959,712,0,1,0,2,1,3,1,7,1730
"UNKNOWN","IR1","Lvl","AllPub","NridgHt",60,13688,9,5,2003,2004,664,1016,0,556,1572,1096,0,1,0,2,1,3,1,10,4125
"UNKNOWN","Reg","Lvl","AllPub","CollgCr",60,9316,7,5,2005,2006,0,0,0,879,879,916,0,0,0,2,1,3,1,7,1910
"UNKNOWN","Reg","Lvl","AllPub","NAmes",20,7200,5,7,1950,1950,0,0,0,0,1040,0,0,0,0,1,0,2,1,5,1095
"UNKNOWN","IR1","Lvl","AllPub","SawyerW",60,8366,6,5,2004,2004,0,0,0,798,798,842,0,0,0,2,1,3,1,6,1730
"UNKNOWN","Reg","Lvl","AllPub","Timber",20,14331,8,5,2002,2002,630,1274,0,526,1800,0,0,1,0,2,0,3,1,7,3125
"Grvl","Reg","Lvl","AllPub","Edwards",30,8212,3,3,1914,1950,0,203,0,661,864,0,0,1,0,1,0,2,1,5,585
"UNKNOWN","Reg","Bnk","AllPub","Sawyer",20,14175,5,6,1956,1987,0,988,0,200,1437,0,0,1,0,1,1,3,1,6,1680
"UNKNOWN","Reg","Lvl","AllPub","NAmes",20,8250,5,7,1963,1963,0,288,0,765,1053,0,0,1,0,1,0,3,1,6,1421
"UNKNOWN","IR1","Lvl","AllPub","Crawfor",50,8170,7,7,1929,1950,270,526,0,496,1122,549,0,0,0,2,0,4,1,7,2180
"UNKNOWN","Reg","Lvl","AllPub","BrDale",160,1890,6,7,1972,1972,380,282,0,212,494,536,0,0,0,1,1,3,1,6,1160
"UNKNOWN","Reg","Lvl","AllPub","NAmes",20,10634,5,6,1953,1953,0,428,180,0,1319,0,0,1,0,1,0,3,1,5,1230
"UNKNOWN","Reg","Lvl","AllPub","Edwards",160,3363,7,5,2004,2004,117,0,0,976,976,732,0,0,0,2,0,3,1,7,1300
"UNKNOWN","IR1","Lvl","AllPub","Gilbert",60,8229,6,5,2007,2007,22,0,0,752,752,752,0,0,0,2,1,3,1,6,1660
"UNKNOWN","Reg","Lvl","AllPub","NAmes",20,7332,6,6,1959,1959,207,414,0,450,864,0,0,1,0,1,0,2,1,4,1200
"UNKNOWN","IR1","Lvl","AllPub","Sawyer",80,11777,5,6,1966,1966,97,328,551,285,1320,0,0,1,0,1,0,3,1,6,1645
"UNKNOWN","Reg","Lvl","AllPub","CollgCr",20,9525,5,6,1995,2006,0,0,0,1099,1099,0,0,0,0,1,1,3,1,6,1440
"UNKNOWN","Reg","Lvl","AllPub","NAmes",60,11419,7,7,1948,1999,0,699,0,0,801,726,0,1,0,1,1,3,1,6,1525
"UNKNOWN","Reg","Lvl","AllPub","BrkSide",50,6240,6,5,1938,1950,0,52,0,809,861,548,0,1,0,1,1,3,1,6,1260
"UNKNOWN","Reg","Lvl","AllPub","Blmngtn",120,3072,7,5,2004,2004,18,0,0,1375,1414,0,0,0,0,2,0,2,1,6,1787
"UNKNOWN","Reg","Lvl","AllPub","ClearCr",60,10005,7,5,1977,1977,299,392,0,768,1156,866,0,0,0,2,1,4,1,8,1920
"UNKNOWN","IR1","Lvl","AllPub","NWAmes",50,18837,6,5,1978,1978,0,687,46,491,1287,604,0,0,1,3,0,3,1,7,2125
"UNKNOWN","Reg","Lvl","AllPub","OldTown",90,5976,5,7,1920,1950,0,0,0,624,624,624,0,0,0,2,0,2,2,8,935
"UNKNOWN","Reg","Lvl","AllPub","BrkSide",50,6000,6,7,1937,2000,0,201,162,462,825,672,0,0,0,2,0,3,1,5,1570
"UNKNOWN","Reg","Lvl","AllPub","MeadowV",160,2665,5,6,1976,1976,0,0,0,264,616,688,0,0,0,1,1,3,1,4,1150
"UNKNOWN","IR1","Lvl","AllPub","NoRidge",20,12692,8,5,1992,1993,0,1231,0,1969,3228,0,0,1,0,3,0,4,1,10,4300
"UNKNOWN","IR1","Lvl","AllPub","Sawyer",85,8014,6,5,1978,1978,23,456,0,0,1034,0,0,0,1,1,0,3,1,5,1499
"UNKNOWN","Reg","Lvl","AllPub","NridgHt",60,13418,9,5,2006,2006,270,1420,0,430,1850,898,0,1,0,2,1,4,1,9,3900
"UNKNOWN","IR1","Lvl","AllPub","Gilbert",60,9487,6,5,2000,2000,0,520,0,395,940,750,0,1,0,2,1,3,1,7,1870
"UNKNOWN","IR1","Lvl","AllPub","NoRidge",60,12191,8,5,1997,1998,515,1181,0,598,1779,772,0,1,0,2,1,4,1,8,3845
"UNKNOWN","IR1","Lvl","AllPub","Sawyer",20,11327,5,6,1967,1967,305,779,0,285,1064,0,0,0,1,1,0,3,1,6,1536
"UNKNOWN","IR1","Lvl","AllPub","NoRidge",60,9233,9,5,2000,2000,877,1182,0,358,1540,1315,0,1,0,2,1,4,1,9,4050
"UNKNOWN","Reg","Lvl","AllPub","CollgCr",20,8450,7,5,2003,2003,0,699,0,638,1337,0,0,1,0,2,0,3,1,6,1850
"UNKNOWN","IR1","Lvl","AllPub","NoRidge",60,13346,7,5,1992,2000,0,728,0,367,1166,1129,0,1,0,2,1,4,1,9,2680
"UNKNOWN","IR2","Lvl","AllPub","CollgCr",20,14860,8,5,2002,2003,240,1538,0,240,1786,0,0,1,0,2,0,3,1,6,3000
"UNKNOWN","Reg","HLS","AllPub","Crawfor",70,12168,8,6,1934,1998,0,428,0,537,1940,1254,0,0,0,2,1,4,1,10,3591
"UNKNOWN","Reg","Lvl","AllPub","CollgCr",20,8810,7,5,2003,2003,0,1000,0,390,1390,0,0,1,0,2,0,3,1,7,2070
"UNKNOWN","Reg","Lvl","AllPub","NAmes",20,8540,5,8,1956,2003,0,114,691,120,925,0,0,1,0,1,0,3,1,5,1270
"UNKNOWN","Reg","Lvl","AllPub","OldTown",80,11800,4,7,1949,2002,0,0,0,0,1382,0,0,0,0,2,0,1,1,6,1100
"UNKNOWN","Reg","Lvl","AllPub","MeadowV",160,1484,4,4,1972,1972,0,252,0,294,546,546,0,0,0,1,1,3,1,5,794
"UNKNOWN","Reg","Lvl","AllPub","CollgCr",120,4435,6,5,2003,2003,170,659,0,189,848,0,0,1,0,1,0,1,1,3,1315
"UNKNOWN","IR2","Lvl","AllPub","Somerst",20,4403,7,5,2009,2009,432,578,0,892,1478,0,0,1,0,2,1,2,1,7,2220
"UNKNOWN","Reg","Lvl","AllPub","NAmes",50,7150,4,4,1955,1955,0,150,0,1040,1040,500,0,1,0,1,0,4,1,7,1150
"UNKNOWN","Reg","Lvl","AllPub","NWAmes",20,11040,6,7,1971,2004,144,656,0,602,1258,0,0,0,1,2,0,3,1,5,1450
"UNKNOWN","Reg","Lvl","AllPub","NAmes",20,7677,5,5,1953,1953,0,570,0,203,773,0,0,0,0,1,0,2,1,4,1100
"UNKNOWN","IR1","HLS","AllPub","Gilbert",60,8773,6,5,1997,1997,0,0,0,916,916,684,0,0,0,2,1,3,1,7,1690
"Grvl","IR1","Lvl","AllPub","IDOTRR",50,7920,6,7,1920,1950,0,0,0,319,1035,371,0,0,0,1,0,3,1,6,895
"UNKNOWN","IR1","Low","AllPub","ClearCr",120,5271,7,5,1986,1986,0,1082,0,371,1453,0,0,1,0,1,1,2,1,6,1900
"UNKNOWN","Reg","Lvl","AllPub","Crawfor",70,7588,7,6,1920,1950,0,352,0,441,901,901,0,0,0,1,1,4,1,9,2001
"UNKNOWN","IR1","Lvl","AllPub","CollgCr",20,9017,7,5,1999,1999,0,560,0,871,1431,0,0,1,0,2,0,3,1,6,1920
"UNKNOWN","Reg","Lvl","AllPub","NAmes",20,9477,5,5,1966,1966,65,340,0,524,892,0,0,0,0,1,0,3,1,5,1100
"UNKNOWN","Reg","Lvl","AllPub","Edwards",70,19950,6,7,1928,1950,0,0,0,672,1337,672,0,0,0,2,0,4,1,8,2350
"UNKNOWN","IR2","Lvl","AllPub","CollgCr",20,11249,6,5,1995,1995,0,334,544,322,1200,0,0,1,0,2,0,3,1,6,1775
"UNKNOWN","IR3","Low","AllPub","Timber",20,215245,7,5,1965,1965,0,1236,820,80,2036,0,0,2,0,2,0,3,1,8,3750
"UNKNOWN","Reg","Lvl","AllPub","OldTown",50,10134,5,6,1940,1950,0,0,0,735,735,299,0,0,0,1,0,2,1,5,1090
"UNKNOWN","IR1","Lvl","AllPub","NAmes",20,15865,8,6,1970,1970,0,351,823,1043,2217,0,0,1,0,2,0,4,1,8,2680
"Grvl","Reg","Lvl","AllPub","OldTown",30,10800,3,5,1890,1998,0,0,0,630,725,0,0,0,0,1,1,1,1,4,785
"UNKNOWN","Reg","Lvl","AllPub","IDOTRR",30,8712,4,7,1896,1950,0,0,0,756,952,0,0,0,0,1,0,3,1,5,501
"UNKNOWN","IR1","HLS","AllPub","Timber",190,164660,5,6,1965,1965,0,1249,147,103,1619,167,0,2,0,2,0,3,1,7,2289
"UNKNOWN","IR1","Lvl","AllPub","SWISU",30,5220,5,3,1936,1950,0,0,0,830,879,0,0,0,0,1,0,2,1,4,800
"UNKNOWN","IR1","Low","AllPub","ClearCr",20,70761,7,5,1975,1975,0,655,0,878,1533,0,0,1,0,2,0,2,1,5,2800
"UNKNOWN","Reg","Lvl","AllPub","OldTown",30,5747,3,4,1920,1950,0,0,0,798,840,0,0,0,0,1,0,2,1,5,640
"UNKNOWN","Reg","Lvl","AllPub","NAmes",20,9680,5,6,1967,1967,268,1010,0,500,1510,0,0,1,0,2,0,3,1,6,1789
"UNKNOWN","Reg","Lvl","AllPub","NAmes",60,9500,6,6,1964,1978,272,442,0,374,1127,850,0,0,1,1,1,4,1,9,1650
"UNKNOWN","IR1","HLS","AllPub","Timber",20,12898,9,5,2007,2008,70,1022,0,598,1620,0,0,1,0,2,0,2,1,6,3155
"UNKNOWN","Reg","Lvl","AllPub","BrkSide",50,6000,6,9,1937,2000,0,0,0,698,786,390,0,0,0,1,0,2,1,4,1349
"UNKNOWN","Reg","Lvl","AllPub","NridgHt",20,12456,10,5,2006,2007,230,1172,0,528,1718,0,0,1,0,2,0,3,1,7,3375
"UNKNOWN","Reg","Lvl","AllPub","MeadowV",160,2665,5,6,1977,1977,0,0,0,264,616,688,0,0,0,1,1,3,1,5,1045
"UNKNOWN","Reg","Lvl","AllPub","Mitchel",85,14137,4,5,1964,1964,98,865,247,88,1200,0,0,1,0,1,0,3,1,6,1730
"UNKNOWN","Reg","Lvl","AllPub","NridgHt",20,14226,8,5,2006,2006,375,0,0,1935,1973,0,0,0,0,2,0,3,1,9,3950
"UNKNOWN","IR1","Lvl","AllPub","NAmes",20,8475,4,7,1956,1956,0,228,0,724,952,0,0,0,0,1,0,2,1,4,1357
"UNKNOWN","IR1","Lvl","AllPub","NAmes",20,10659,5,6,1961,1961,0,915,0,135,1050,0,0,1,0,1,0,3,1,6,1365
"UNKNOWN","Reg","Bnk","AllPub","Crawfor",70,12000,7,7,1941,1950,0,275,0,429,860,704,0,0,0,1,1,3,1,7,1745
"UNKNOWN","Reg","Lvl","AllPub","NAmes",20,9360,6,7,1968,2004,203,760,0,216,976,0,0,1,0,1,0,2,1,4,1575
"UNKNOWN","Reg","Low","AllPub","SawyerW",80,12800,7,5,1989,1989,145,1518,0,0,1644,0,0,1,1,2,0,2,1,5,2750
"UNKNOWN","Reg","Lvl","AllPub","SawyerW",120,7892,6,5,1979,1979,0,0,0,918,918,0,0,0,0,2,0,2,1,5,995
"UNKNOWN","IR1","Lvl","AllPub","CollgCr",60,8924,7,5,1998,1999,0,0,0,880,880,844,0,0,0,2,1,3,1,8,1880
"UNKNOWN","Reg","Lvl","AllPub","NAmes",80,7910,5,5,1960,1960,0,666,0,409,1507,0,0,0,0,2,0,4,1,7,1270
"UNKNOWN","Reg","Lvl","AllPub","NAmes",90,11345,5,5,1948,1950,567,220,0,708,928,992,0,0,0,2,0,4,2,10,1370
"UNKNOWN","IR1","Low","AllPub","Crawfor",20,14778,6,7,1954,2006,72,728,0,568,1640,0,0,1,0,1,0,3,1,7,2240
"UNKNOWN","IR2","Lvl","AllPub","NoRidge",60,29959,7,6,1994,1994,0,595,0,378,979,871,0,0,0,2,1,3,1,7,2480
"UNKNOWN","IR1","Lvl","AllPub","NoRidge",60,13143,8,5,1993,1993,504,250,981,0,1251,1098,0,1,0,2,1,4,1,9,3625
"UNKNOWN","Reg","Lvl","AllPub","NAmes",20,9770,5,5,1957,1957,0,512,0,410,922,0,0,1,0,1,0,2,1,5,1160
"UNKNOWN","Reg","Lvl","AllPub","NWAmes",60,9600,7,5,1974,1974,252,698,0,467,1165,896,0,0,1,2,1,4,1,8,1685
"UNKNOWN","IR1","Lvl","AllPub","Mitchel",80,11333,6,5,1976,1976,0,539,0,490,1062,0,0,1,0,1,0,3,1,5,1468
"UNKNOWN","Reg","Lvl","AllPub","NAmes",90,8544,3,4,1949,1950,340,0,0,0,1040,0,0,0,0,2,0,2,2,6,875
"UNKNOWN","Reg","Lvl","AllPub","ClearCr",50,11250,4,5,1957,1989,0,0,0,1104,1104,684,0,1,0,1,0,5,1,8,1615
"UNKNOWN","IR1","Lvl","AllPub","SawyerW",20,10994,8,5,2005,2006,366,976,0,868,1844,0,0,1,0,2,0,2,1,7,2570
"UNKNOWN","IR1","Lvl","AllPub","NWAmes",60,12227,6,7,1977,1995,424,896,0,434,1542,1330,0,1,0,2,1,4,1,11,2720
"UNKNOWN","IR1","Lvl","AllPub","Somerst",20,7862,6,5,2009,2009,0,27,0,1191,1218,0,0,0,0,2,0,2,1,4,2083
"UNKNOWN","Reg","Lvl","AllPub","NAmes",20,7200,5,7,1950,1950,0,534,96,246,988,0,0,0,0,1,0,3,1,6,1190
